VolunteerId,FirstName,LastName,CountryCode,Gender
1,LUCIA,BURCH,BRA,F
2,ASHLEY,WAGONER,BRA,M
3,FORREST,WILEY,USA,M
4,DEAN,CANNON,BRA,M
5,LESLIE,PAGE,BRA,M
6,FANNIE,CRONAUER,BRA,F
7,LENORE,PEREZ,BRA,F
8,MIKE,LARA,BRA,M
9,HECTOR,MONTOYA,BRA,M
10,EZRA,FARROW,BRA,M
11,DELBERT,SANTOS,MEX,M
12,GUADALUPE,TUCKER,MEX,M
13,ARMAND,BURKS,BRA,M
14,LISA,CHASTAIN,VEN,F
15,ANGEL,PRINCE,BRA,F
16,GARTH,MARRERO,USA,M
17,ERIK,GOODWIN,BRA,M
18,DARRIN,CHAN,BRA,M
19,ROSINA,KEATING,BRA,F
20,SERENA,VELASQUEZ,BRA,F
21,OMAR,ESCHBERGER,BRA,M
22,ISAIAS,XIONG,BRA,M
23,CHAROLETTE,CORRIO,BRA,F
24,LOREN,MASON,BRA,M
25,DAVINA,SHARPE,BRA,F
26,EMANUEL,LITTLEFIELD,BRA,M
27,ADAM,LOWERY,BRA,M
28,SUNG,MCLAUGHLIN,VEN,M
29,TIKHON,PUGH,CHI,M
30,ROSIE,ARAGON,BRA,F
31,ESTELA,HENDRIX,BRA,F
32,ELTON,PRINCE,ARG,M
33,JOSIE,SELLERS,CHI,F
34,HERSCHEL,NUNLEE,MEX,M
35,MITCHELL,BREWSTER,BRA,M
36,EMILE,SCHAFER,PAR,M
37,LAURA,YBARRA,BRA,F
38,LORRAINE,PATTEN,BRA,F
39,TAMIKA,LARA,BRA,F
40,MADISON,DREW,PAR,F
41,DOMINIC,VILLEGAS,USA,M
42,MINH,MAI,BRA,M
43,JASPER,LAIRD,BRA,M
44,CESAR,CRANDALL,CHI,M
45,YESENIA,SKAGGS,BRA,F
46,MARYJANE,ONEAL,BRA,F
47,IRA,HAROLDSON,BRA,F
48,JORGE,DRESCHER,BRA,M
49,JIMMIE,HAHN,ARG,F
50,KATHERINE,DUFF,MEX,F
51,JAE,SHEPARD,CHI,M
52,KENNA,BOND,BRA,F
53,DEAN,SAWCHUK,BRA,M
54,ASIA,GIFFORD,USA,F
55,CASSIDY,RAMINEZ,MEX,F
56,JACOB,CALDERON,BRA,M
57,SHAINA,SPENCE,BRA,F
58,GEORGE,ALONSO,BRA,M
59,ALEXANDER,MOLINA,BRA,M
60,ELSA,CURRY,BRA,F
61,DUNCAN,KENYON,BRA,M
62,SUE,FELDER,BRA,F
63,CECILE,ROWLAND,BRA,F
64,JARVIS,CAMPOS,ARG,M
65,SERGIO,GRIMES,BRA,M
66,HIRAM,RODENBERGER,USA,M
67,PHILIP,MILES,ARG,M
68,SAM,TORRES,BRA,M
69,TESSA,THOMAS,VEN,F
70,MARTHA,LE,ARG,F
71,GWEN,PAGAN,PAR,F
72,ADELIA,HUTCHISON,BRA,F
73,BENNIE,CASTLE,BRA,M
74,LON,LAMB,BRA,M
75,CLAUDE,WOLFF,BRA,M
76,GERALD,LIMMEL,BRA,M
77,ESMERALDA,LUNSFORD,BRA,F
78,SALVADOR,JOHNS,USA,M
79,NEWTON,KEARNS,BRA,M
80,CONCEPCION,SHULER,BRA,F
81,CESAR,GRANGER,MEX,M
82,CHRISSY,REID,BRA,F
83,SUZIE,PRESCOTT,BRA,F
84,JOSEPHINE,HUNN,USA,F
85,GOLDA,SINGLETARY,BRA,F
86,TOBY,RAINEY,BRA,M
87,CLAYTON,PASKIN,BRA,M
88,ARIEL,DELEON,PAR,M
89,MILDRED,BITSUIE,BRA,F
90,JOSE,WALL,BRA,M
91,HALEY,ALBRECHT,PAR,F
92,REBECA,ALFORD,BRA,F
93,FORREST,WATERMAN,VEN,M
94,TRISTAN,GABRIEL,VEN,M
95,LESLIE,PLUMER,MEX,M
96,HOWARD,REEVES,BRA,M
97,ISABELLA,HADSELL,BRA,F
98,IAN,GALLARDO,BRA,M
99,CHANG,THOMAS,BRA,M
100,TESSIE,JOYCE,BRA,F
101,KARLA,WELSH,BRA,F
102,VALERIA,LUKASIK,BRA,F
103,JASMIN,GUZMAN,BRA,F
104,KAYLA,GRIFFIN,BRA,F
105,AUDRY,PEREZ,BRA,F
106,RODGER,PARIS,ARG,M
107,LEONARD,AVERY,BRA,M
108,YOUNG,SWIFT,BRA,M
109,JOELLE,HATHAWAY,CHI,F
110,LASHANDA,OWEN,BRA,F
111,ROSALINE,SHAVER,BRA,F
112,STACY,SELLERS,BRA,F
113,MARLA,MEJIA,BRA,F
114,BENJAMIN,DOTSON,BRA,M
115,EVAN,JEWELL,BRA,M
116,MARKUS,METZ,BRA,M
117,JANELL,SPANGLER,PAR,F
118,GEOFFREY,CHAPMAN,BRA,M
119,LINCOLN,CHAMPAGNE,VEN,M
120,WILLIAM,BARTH,BRA,F
121,PHIL,MCCAIN,BRA,M
122,REYES,SAWYER,BRA,M
123,NOLAN,CONNELLY,BRA,M
124,OTIS,ESPOSITO,BRA,M
125,TANISHA,LIM,USA,F
126,DOUG,KEITH,BRA,M
127,OREN,NUGENT,BRA,M
128,ROBIN,LEYVA,BRA,M
129,DONALD,BRYSON,USA,M
130,EDIE,WALTERS,BRA,F
131,HUI,LADD,BRA,F
132,VERONICA,ENNIS,BRA,F
133,KRISTAN,JACQUES,BRA,F
134,GREIG,BYRNE,PAR,M
135,MARION,CASON,BRA,M
136,MIKEL,MONTERRUBIO,VEN,M
137,CARLTON,CHAMPION,BRA,M
138,OPAL,LEWIS,MEX,F
139,MARYLOU,MIXON,BRA,F
140,DELILAH,LANCASTER,BRA,F
141,HUGO,AIKEN,PAR,M
142,MORTON,MELVIN,CHI,M
143,LANCE,LAYOUS,BRA,M
144,PETER,HAMPTON,BRA,M
145,MAYSUN,CROCKER,BRA,F
146,VICENTA,HORN,BRA,F
147,PAULINE,LANDERS,CHI,F
148,WARNER,HAUENSTEIN,MEX,M
149,CORAZON,OGDEN,BRA,F
150,THEODORE,KING,BRA,M
151,BRAIN,BURROWS,ARG,M
152,LOUISE,MACIAS,VEN,F
153,ERNESTINE,QUARLES,BRA,F
154,KEITH,TEMPLE,BRA,M
155,DUANE,KALAFATIS,VEN,M
156,HELENE,MALDONADO,VEN,F
157,JACLYN,RING,BRA,F
158,LEROY,MCMILLAN,BRA,M
159,ANDREAS,BEATY,USA,M
160,GARRY,FOLEY,BRA,M
161,JO,LIETZ,BRA,F
162,SANTO,BOYKIN,BRA,M
163,JEFFERSON,GLOVER,BRA,M
164,ALETA,BURNS,BRA,F
165,LEANN,LONG,CHI,F
166,ROSA,LOPES,BRA,F
167,REBEKAH,WILLIAM,VEN,F
168,JUDIE,QUINTANA,BRA,F
169,CARON,HODGES,BRA,F
170,JORGE,ZAPATA,BRA,M
171,ANGUS,HARRISON,PAR,M
172,MILDRED,ROJAS,BRA,F
173,YOSHIKO,RIVERS,BRA,F
174,KENNA,CERVANTES,USA,F
175,KATIE,MCNEAL,USA,F
176,HARRIETT,PRITCHETT,BRA,F
177,NEIL,WHALEN,BRA,M
178,KELLY,DRESCHER,ARG,M
179,REED,BOYER,BRA,M
180,MASON,VICKERS,BRA,M
181,ALLISON,DALY,BRA,F
182,DELMAR,HENSLEY,BRA,M
183,MICHEAL,BEAL,BRA,M
184,HOLLI,GIFFORD,BRA,F
185,JORDAN,ROARK,BRA,M
186,RUBY,WILSON,BRA,F
187,AIMEE,THURSTON,BRA,F
188,ALAN,ALONSO,BRA,M
189,ELLIS,ROCKWELL,CHI,M
190,STEVIE,VOSS,USA,M
191,RICKIE,HERRINGTON,BRA,M
192,BILLIE,CHEEK,PAR,F
193,YASMIN,BLANK,BRA,F
194,LATANYA,HEBERT,MEX,F
195,MAGDALENE,OVERSTREET,ARG,F
196,ALEXANDRIA,BILDEN,BRA,F
197,ANDRES,PONTORIERO,BRA,M
198,CURTIS,CALVERT,USA,M
199,CHARLETTE,ALBARES,BRA,F
200,JAMIE,LE,CHI,M
201,MARIBETH,HOLDEN,VEN,F
202,BRENDAN,PONDER,BRA,M
203,MATTIE,JULIA,ARG,F
204,TRUDY,GILL,ARG,F
205,BUSHR,FERENCZ,BRA,M
206,CORA,GOODSON,BRA,F
207,RHODA,MCFADDEN,BRA,F
208,AGUSTIN,WINTERS,BRA,M
209,DORTHY,MCCALL,CHI,F
210,DAREN,MCNEASE,ARG,M
211,RAFAEL,HAMMOND,BRA,M
212,CARLOS,OAKES,BRA,M
213,ROBERT,FREEMAN,BRA,F
214,VALERIE,BERNIER,BRA,F
215,CRISTAL,BRADSHAW,MEX,F
216,GEORGE,COLBERT,BRA,M
217,EDMUND,SIMON,BRA,M
218,TYREE,KONOPACKI,VEN,M
219,JARROD,NICHOLS,BRA,M
220,PABLO,OUELLETTE,BRA,M
221,CHRISTEL,ELLISON,BRA,F
222,LATRICE,TRAVIS,BRA,F
223,STANLEY,ALBRIGHT,VEN,M
224,MARCELO,GRUBBS,BRA,M
225,RAYMOND,LANE,BRA,M
226,SALVADOR,MARNEY,BRA,M
227,DEE,PRATHER,BRA,F
228,SETH,TANG,BRA,M
229,MYRNA,SHIPP,USA,F
230,BENJAMIN,CLINE,PAR,M
231,EVAN,PEASE,BRA,M
232,BERTRAM,BUZICK,BRA,M
233,LAWERENCE,CLONEY,BRA,M
234,HANNAH,PHILLIPS,PAR,F
235,KARINA,GAMA,USA,F
236,MARIANNA,ALMEIDA,BRA,F
237,LOYD,MCFADDEN,BRA,M
238,ALDEN,ROWLEY,ARG,M
239,OLIVER,GENTRY,BRA,M
240,JONAS,LOGAN,USA,M
241,NANCY,FLOWERS,USA,F
242,DEWAYNE,BRIDEAU,BRA,M
243,BAHIR,FREEMAN,ARG,M
244,UNA,DECKER,BRA,F
245,DIXIE,BARTLETT,BRA,F
246,ROWENA,SUAREZ,BRA,F
247,FORREST,GOODE,BRA,M
248,SANTIAGO,CHAPMAN,BRA,M
249,MILLICENT,NICHOLS,BRA,F
250,CLARK,ENSEY,BRA,M
251,FRANK,TRUJILLO,BRA,M
252,MA'RUF,AMES,BRA,M
253,SUNNY,ALBRIGHT,PAR,F
254,THAD,BAXTER,MEX,M
255,EDMUND,NADEAU,ARG,M
256,SHAWN,BELLAMY,VEN,F
257,NIALL,RANSOM,USA,M
258,LUCILA,HARRIS,BRA,F
259,AUDRY,SHIPP,PAR,F
260,CELINA,KANG,ARG,F
261,JOY,THACKER,BRA,F
262,TIMMY,BALL,BRA,M
263,REFUGIO,HUYNH,VEN,M
264,KERRIE,RAGSDALE,CHI,F
265,WINNIE,BRANNON,BRA,F
266,TINA,BARRY,BRA,F
267,MYRNA,UNGER,BRA,F
268,DEANNE,LARA,CHI,F
269,VERNON,LACE,BRA,M
270,CURT,VALLE,BRA,M
271,FANNY,KOLMETZ,ARG,F
272,TERRENCE,STEVENS,VEN,M
273,NIKKI,DURBIN,BRA,F
274,ALPHONSE,SIZEMORE,BRA,M
275,OWEN,DALLEN,BRA,M
276,BONITA,SCHWARTZ,BRA,F
277,WILLIAMS,UYETAKE,BRA,M
278,KENDRA,DRIVER,VEN,F
279,HAILEY,DALE,BRA,F
280,JACOB,HURST,BRA,M
281,MARTY,PACE,BRA,F
282,BARNEY,BRELAND,BRA,M
283,TREVOR,FLOYD,PAR,M
284,SUSIE,FOX,BRA,F
285,SEBASTIAN,WOOTEN,BRA,M
286,CHRISTINA,CROFT,VEN,F
287,MARTA,WEEKS,BRA,F
288,MOHAMMAD,HOLLINGSWORTH,PAR,M
289,MARION,KLEIN,BRA,M
290,ROYCE,SARBACHER,BRA,M
291,CARLTON,BRYSON,BRA,M
292,FELTON,MARION,BRA,M
293,NEVA,KRUSE,BRA,F
294,ALICIA,MCKAY,BRA,F
295,IRIS,LILLY,BRA,F
296,DARCIE,HASKINS,BRA,F
297,DANE,KEEN,BRA,M
298,DOMINGO,SEIBERT,USA,M
299,LILIA,CHAMPION,BRA,F
300,ANTONIO,STEARNS,BRA,M
301,JANINE,MIXON,BRA,F
302,THERON,NEELY,PAR,M
303,LORENZO,SCHELL,MEX,M
304,GERARD,HERRITT,CHI,M
305,STERLING,LAYOUS,BRA,M
306,DELIA,TOBIN,BRA,F
307,JAMES,BUTT,PAR,F
308,ALBERT,SLADE,BRA,M
309,JAIME,KEATING,BRA,M
310,MITCHELL,IRVIN,BRA,M
311,STEVE,ESCHBERGER,VEN,M
312,CHAS,MUNNS,BRA,M
313,RUFINA,FIGEROA,BRA,F
314,CHARLOTTE,LUDWIG,ARG,F
315,JOSIE,TYSON,BRA,F
316,GENA,LIVINGSTON,BRA,F
317,RICKEY,LOWERY,BRA,M
318,ARIELLE,LAPAGE,ARG,F
319,BERTHA,SWANSON,USA,F
320,ARMANDO,BARBOSA,BRA,M
321,TAMIKA,HENDRIX,BRA,F
